job tittles,company names,lacations,Date Posted,job skilles,requirments,Links,Salary
Senior Python Developer,Houya Arrow -,"Heliopolis, Cairo, Egypt ",10 hours ago,Full TimeExperienced · 3+ Yrs of Exp · IT/Software Development · Engineering - Telecom/Technology · Python · Computer Science · Development · Software · Software Development · SDLC · Web · Web Applications,, https://wuzzuf.net/jobs/p/zUUX37RxbzZo-Senior-Python-Developer-Houya-Arrow-Cairo-Egypt?o=1&l=sp&t=sj&a=python|search-v3|hpb,
Python Developer,GetTechForce.com -,"Cairo, Egypt ",6 days ago,Full TimeWork From HomeExperienced · 3+ Yrs of Exp · IT/Software Development · Engineering - Telecom/Technology · Computer Science · Development · Django · Information Technology (IT) · Design · Python · Quality Assurance · SDLC,, https://wuzzuf.net/jobs/p/jivXxxqgHi77-Python-Developer-GetTechForce-com-Cairo-Egypt?o=2&l=sp&t=sj&a=python|search-v3|hpb,
Senior Python Linux Engineer,El-Sewedy Electrometer -,"6th of October, Giza, Egypt ",2 days ago,Full TimeExperienced · 3 - 5 Yrs of Exp · IT/Software Development · Engineering - Telecom/Technology · Software Development · Python · C++ · Information Technology (IT) · Computer Science · SQL · Programming · Electronics,, https://wuzzuf.net/jobs/p/b1U2MrcQRbIO-Senior-Python-Linux-Engineer-El-Sewedy-Electrometer-Giza-Egypt?o=3&l=sp&t=sj&a=python|search-v3|hpb,
Python Developer,Paymob Solutions -,"Maadi, Cairo, Egypt ",12 days ago,Full TimeExperienced · 2 - 3 Yrs of Exp · IT/Software Development · Engineering - Telecom/Technology · Computer Science · Django · Design · Docker · Flask · Git · Information Technology (IT) · Python,, https://wuzzuf.net/jobs/p/98lwNx3qZxxA-Python-Developer-Paymob-Solutions-Cairo-Egypt?o=4&l=sp&t=sj&a=python|search-v3|hpb,
Senior Software Engineer (Python),ITWORX -,"Nasr City, Cairo, Egypt ",12 days ago,Full TimeExperienced · 3 - 5 Yrs of Exp · IT/Software Development · Engineering - Telecom/Technology · Computer Science · Information Technology (IT) · Python · Django · AWS · Software Engineering · Software Development · PostgreSQL,, https://wuzzuf.net/jobs/p/JPMDUOX23tJq-Senior-Software-Engineer-Python-ITWORX-Cairo-Egypt?o=5&l=sp&t=sj&a=python|search-v3|hpb,
Python Full Stack Instructor,AMIT -,"Maadi, Cairo, Egypt ",14 days ago,Full TimeEntry Level · 1+ Yrs of Exp · IT/Software Development · Engineering - Telecom/Technology · Training/Instructor · Python · Django · Django Framework · Flask · HTML · CSS · JavaScript,, https://wuzzuf.net/jobs/p/NaAN041JcadK-Python-Full-Stack-Instructor-AMIT-Cairo-Egypt?o=6&l=sp&t=sj&a=python|search-v3|hpb,
Junior Python Developer,RDI -,"Dokki, Giza, Egypt ",16 days ago,Full TimeEntry Level · 1+ Yrs of Exp · IT/Software Development · Engineering - Telecom/Technology · Python · SQL · MySQL · RESTful · JavaScript · Django · Flask · Docker,, https://wuzzuf.net/jobs/p/QNYVMu7OFmo0-Junior-Python-Developer-RDI-Giza-Egypt?o=7&l=sp&t=sj&a=python|search-v3|hpb,
Python API Developer Ocucon Team (UK) - (Alexandria),Procrew -,"Alexandria, Egypt ",21 days ago,Full TimeExperienced · 3+ Yrs of Exp · Installation/Maintenance/Repair · IT/Software Development · Engineering - Telecom/Technology · Python · python development · Software Development · API · Docker · PostgreSQL · Computer Science,, https://wuzzuf.net/jobs/p/F8yPmGvgWZ5k-Python-API-Developer-Ocucon-Team-UK---Alexandria-Procrew-Alexandria-Egypt?o=8&l=sp&t=sj&a=python|search-v3|hpb,
Senior Python / Django Developer,RDI -,"Dokki, Giza, Egypt ",24 days ago,Full TimeExperienced · 2+ Yrs of Exp · IT/Software Development · Engineering - Telecom/Technology · Django · Python · MySQL · PostgresSQL · Debugging · GIT · Docker · javaScript,, https://wuzzuf.net/jobs/p/8GI7basJVztd-Senior-Python-Django-Developer-RDI-Giza-Egypt?o=9&l=sp&t=sj&a=python|search-v3|hpb,
Python-Django Developer,Paymob Solutions -,"Maadi, Cairo, Egypt ",1 month ago,Full TimeExperienced · 2 - 5 Yrs of Exp · IT/Software Development · Engineering - Telecom/Technology · Django · Python · Flask · PostgreSQL · React · Web Development · Information Technology (IT) · HTML5,, https://wuzzuf.net/jobs/p/kwe5h80g8Wjf-Python-Django-Developer-Paymob-Solutions-Cairo-Egypt?o=10&l=sp&t=sj&a=python|search-v3|hpb,
Senior Backend Developer - Node.js & Python,DIGIS2 -,"Maadi, Cairo, Egypt ",1 month ago,Full TimeExperienced · 5 - 7 Yrs of Exp · IT/Software Development · Engineering - Telecom/Technology · Computer Science · Software Development · Software Engineering · SQL · Angular · Computer Engineering · Information Technology (IT) · Laravel,, https://wuzzuf.net/jobs/p/Vo0FB8GwaBp7-Senior-Backend-Developer---Nodejs-Python-DIGIS2-Cairo-Egypt?o=11&l=sp&t=sj&a=python|search-v3|hpb,
Senior Python Backend Developer,CROCOSOFT -,"New Cairo, Cairo, Egypt ",1 month ago,Full TimeWork From HomeExperienced · 2 - 7 Yrs of Exp · IT/Software Development · Engineering - Telecom/Technology · Python · Flask · Git · Microservice Architecture · Relational Databases · Design Patterns · English · Information Technology (IT),, https://wuzzuf.net/jobs/p/xoIvuBsGtAnO-Senior-Python-Backend-Developer-CROCOSOFT-Cairo-Egypt?o=12&l=sp&t=sj&a=python|search-v3|hpb,
Full Stack Python Developer,El Geel El Rakamy -,"Helwan, Cairo, Egypt ",1 month ago,Full TimePart TimeExperienced · 3 - 7 Yrs of Exp · IT/Software Development · MongoDB · Python · HTML5 · Git · CSS3 · Computer Science · Software Development · REST · JavaScript,, https://wuzzuf.net/jobs/p/WdeSIOMzyMtU-Full-Stack-Python-Developer-El-Geel-El-Rakamy-Cairo-Egypt?o=13&l=sp&t=sj&a=python|search-v3|hpb,
Python Software Developer (Packet Core CDD),Sceel.io -,"Maadi, Cairo, Egypt ",1 month ago,Full TimeExperienced · 5+ Yrs of Exp · IT/Software Development · Engineering - Telecom/Technology · Cloud · Python · Docker · Jenkins · Kubernetes · Software Development · Automation · Development,, https://wuzzuf.net/jobs/p/4aTpdrP623pr-Python-Software-Developer-Packet-Core-CDD-Sceel-io-Cairo-Egypt?o=14&l=sp&t=sj&a=python|search-v3|hpb,
Senior Backend (Python) Engineer - Customer Domain,Nana -,"Sheraton, Cairo, Egypt ",1 month ago,Full TimeWork From HomeExperienced · 5 - 8 Yrs of Exp · IT/Software Development · Engineering - Telecom/Technology · Python · Agile · Information Technology (IT) · JavaScript · MySQL · Software Development · Startup · Computer Science,, https://wuzzuf.net/jobs/p/K2YCB4wsIGwr-Senior-Backend-Python-Engineer---Customer-Domain-Nana-Cairo-Egypt?o=15&l=sp&t=sj&a=python|search-v3|hpb,
Python Developer,OdooTec -,"New Cairo, Cairo, Egypt ",3 days ago,Full TimeEntry Level · 1 - 2 Yrs of Exp · IT/Software Development · Engineering - Telecom/Technology · Odoo · MVC · Information Technology (IT) · Computer Science · Python · Software Development · CSS · Design,, https://wuzzuf.net/jobs/p/ZdWb6pnGtLmB-Python-Developer-OdooTec-Cairo-Egypt?o=16&l=sp&t=sj&a=python|search-v3|hpb,
Python Developer,WeArt -,"Dammam, Saudi Arabia ",5 hours ago,Full TimeExperienced · 3 - 8 Yrs of Exp · IT/Software Development · Engineering - Telecom/Technology · Flask · Python · Software Engineering · Django · Computer Science · Design Patterns · HTML5 · Information Technology (IT),, https://wuzzuf.net/jobs/p/cPvgV6Wt9Wjx-Python-Developer-WeArt-Dammam-Saudi-Arabia?o=17&l=sp&t=sj&a=python|search-v3|hpb,
Senior Python Developer,Trufla -,"Heliopolis, Cairo, Egypt ",1 day ago,Full TimeExperienced · 4+ Yrs of Exp · IT/Software Development · Engineering - Telecom/Technology · Agile · APIs · AWS · Computer Science · Git · Information Technology (IT) · Linux · Python,, https://wuzzuf.net/jobs/p/ONfRqVhgKtiC-Senior-Python-Developer-Trufla-Cairo-Egypt?o=18&l=sp&t=sj&a=python|search-v3|hpb,
Full Stack Python Developer (Open Edx Developer),Dolf -,"Heliopolis, Cairo, Egypt ",1 day ago,Full TimeExperienced · 6 - 12 Yrs of Exp · IT/Software Development · Engineering - Telecom/Technology · Information Technology (IT) · Python · MySQL · MongoDB · JavaScript · HTML5 · Computer Science,, https://wuzzuf.net/jobs/p/iu3t3cJ97TTT-Full-Stack-Python-Developer-Open-Edx-Developer-Dolf-Cairo-Egypt?o=19&l=sp&t=sj&a=python|search-v3|hpb,
Programming Instructor,Confidential -,"Tanta, Gharbia, Egypt ",1 day ago,Shift BasedExperienced · 3 - 10 Yrs of Exp · IT/Software Development · Engineering - Telecom/Technology · Training/Instructor · Communication skills · Computer Science · Instructing · Instructor · Programming · Python · Training,, https://wuzzuf.net/jobs/p/W3mxiuqfRWiy-Programming-Instructor-Gharbia-Egypt?o=20&l=sp&t=sj&a=python|search-v3|hpb,
STEM Teacher (Robotics Teacher),TechAdemics -,"New Cairo, Cairo, Egypt ",2 days ago,Full TimeEntry Level · 1 - 3 Yrs of Exp · females_only · IT/Software Development · Engineering - Telecom/Technology · Education/Teaching · Teaching · Computer Science · Education · Electronics · STEM · Programming · Robotics,, https://wuzzuf.net/jobs/p/L0PzXzRkaqsw-STEM-Teacher-Robotics-Teacher-TechAdemics-Cairo-Egypt?o=21&l=sp&t=sj&a=python|search-v3|hpb,
Programming Instructor,Tyro -,"Cairo, Egypt ",2 days ago,Full TimeFreelance / ProjectWork From HomeEntry Level · 1+ Yrs of Exp · IT/Software Development · Education/Teaching · Training/Instructor · Education · Instructor · Programming · Python · Teaching · Training · Online Teaching,, https://wuzzuf.net/jobs/p/GqLOpZK6lU4T-Programming-Instructor-Tyro-Cairo-Egypt?o=22&l=sp&t=sj&a=python|search-v3|hpb,
Backend Developer,Profolio Consulting -,"Seattle, United States ",2 days ago,Full TimeWork From HomeExperienced · 5+ Yrs of Exp · IT/Software Development · Engineering - Telecom/Technology · C# · Java · Python · C++ · Software Engineering · Software Development · Computer Science · Information Technology (IT),, https://wuzzuf.net/jobs/p/OKERIXIyBVuk-Backend-Developer-Profolio-Consulting-Seattle-United-States?o=23&l=sp&t=sj&a=python|search-v3|hpb,
PHP Lead,LINK Development -,"Maadi, Cairo, Egypt ",2 months ago,Full TimeWork From HomeManager · 5 - 15 Yrs of Exp · IT/Software Development · Operations/Management · Engineering - Telecom/Technology · PHP · Computer Science · Information Technology (IT) · Software Development · Engineering · Laravel · Drupal,, https://wuzzuf.net/jobs/p/DFzGiKmBM1NN-PHP-Lead-LINK-Development-Cairo-Egypt?o=24&l=sp&t=sj&a=python|search-v3|hpb,
Data Analyst Supervisor,SURE International Technology -,"Cairo, Egypt ",2 months ago,Full TimeManager · 5+ Yrs of Exp · IT/Software Development · Analyst/Research · BI · Data Analysis · Analysis · Python · Analytics · Commerce · Computer Science · Mathematics,, https://wuzzuf.net/jobs/p/uwn9RWfwBHEl-Data-Analyst-Supervisor-SURE-International-Technology-Cairo-Egypt?o=25&l=sp&t=sj&a=python|search-v3|hpb,
Junior Odoo developer,Al-Esraa pharmaceutical optima -,"Cairo, Egypt ",2 months ago,Full TimeExperienced · 2 - 6 Yrs of Exp · IT/Software Development · Engineering - Telecom/Technology · Computer Engineering · HTML · Information Technology (IT) · Software Engineering · JavaScript · CSS · Computer Science · Software Development,, https://wuzzuf.net/jobs/p/i48lYfbirF6E-Junior-Odoo-developer-Al-Esraa-pharmaceutical-optima-Cairo-Egypt?o=26&l=sp&t=sj&a=python|search-v3|hpb,
Software Engineer - Alexandria,Softxpert Incorporation  -,"Alexandria, Egypt ",2 months ago,Full TimeExperienced · 2 - 7 Yrs of Exp · IT/Software Development · Engineering - Telecom/Technology · PHP · Computer Science · Computer Engineering · PHP Development · Information Technology (IT) · Engineering · Software Development · Software Engineering,, https://wuzzuf.net/jobs/p/dHPWINubpP6N-Software-Engineer---Alexandria-Softxpert-Incorporation-Alexandria-Egypt?o=27&l=sp&t=sj&a=python|search-v3|hpb,
Devops Engineer,Garment IO -,"Sheikh Zayed, Giza, Egypt ",12 days ago,Full TimeEntry Level · 1 - 2 Yrs of Exp · Installation/Maintenance/Repair · IT/Software Development · Engineering - Telecom/Technology · AWS · Bash · Computer Science · DevOps · Information Technology (IT) · Python · Software Development,, https://wuzzuf.net/jobs/p/FjeDU7q8D1M8-Devops-Engineer-Garment-IO-Giza-Egypt?o=28&l=sp&t=sj&a=python|search-v3|hpb,
Senior Devops Engineer,Trufla -,"Heliopolis, Cairo, Egypt ",13 days ago,Full TimeExperienced · 4+ Yrs of Exp · IT/Software Development · Engineering - Telecom/Technology · AWS · Azure · Cloud · Computer Science · Docker · Engineering · Information Technology (IT) · Linux,, https://wuzzuf.net/jobs/p/Gk3et7nA7Vmr-Senior-Devops-Engineer-Trufla-Cairo-Egypt?o=29&l=sp&t=sj&a=python|search-v3|hpb,
DevOps Team Lead,Trufla -,"Heliopolis, Cairo, Egypt ",13 days ago,Full TimeManager · 4+ Yrs of Exp · IT/Software Development · Engineering - Telecom/Technology · AWS · Azure · Docker · MySQL · Python · Software Engineering · Information Technology (IT) · Linux,, https://wuzzuf.net/jobs/p/dibePRID48A3-DevOps-Team-Lead-Trufla-Cairo-Egypt?o=30&l=sp&t=sj&a=python|search-v3|hpb,
Automation Tester,eT3 - Tomorrow Information Technology -,"New Cairo, Cairo, Egypt ",14 days ago,Full TimeEntry Level · 1+ Yrs of Exp · IT/Software Development · Quality · Engineering - Telecom/Technology · Automation Testing · Software Testing · Computer Science · Computer Engineering · Information Technology (IT) · Quality Control · Python,, https://wuzzuf.net/jobs/p/VPSxsP4OH024-Automation-Tester-eT3---Tomorrow-Information-Technology-Cairo-Egypt?o=31&l=sp&t=sj&a=python|search-v3|hpb,
SQL Developer,eT3 - Tomorrow Information Technology -,"New Cairo, Cairo, Egypt ",14 days ago,Full TimeEntry Level · 1+ Yrs of Exp · IT/Software Development · Engineering - Telecom/Technology · SQL · Computer Science · Computer Engineering · Database · Information Technology (IT) · Data Warehousing · Python · Software Development,, https://wuzzuf.net/jobs/p/X1ZIGPZ6FkVx-SQL-Developer-eT3---Tomorrow-Information-Technology-Cairo-Egypt?o=32&l=sp&t=sj&a=python|search-v3|hpb,
Odoo Developer opportunity,Copartners -,"Nasr City, Cairo, Egypt ",15 days ago,Full TimeExperienced · 2 - 5 Yrs of Exp · Installation/Maintenance/Repair · IT/Software Development · Engineering - Telecom/Technology · Python · Odoo · Software Development · Web Development · javaScript · JQuery · CSS,, https://wuzzuf.net/jobs/p/qpQztpYR1yEg-Odoo-Developer-opportunity-Copartners-Cairo-Egypt?o=33&l=sp&t=sj&a=python|search-v3|hpb,
Full Stack Developer,AZ-studios -,"New Cairo, Cairo, Egypt ",15 days ago,Full TimeExperienced · 2 - 4 Yrs of Exp · IT/Software Development · Engineering - Telecom/Technology · Angular · Information Technology (IT) · OOP · Programming · Python · Django · Software Development · SQL,, https://wuzzuf.net/jobs/p/F36TVZI4EvLn-Full-Stack-Developer-AZ-studios-Cairo-Egypt?o=34&l=sp&t=sj&a=python|search-v3|hpb,
Senior Software Testing Engineer,Astute Imaging -,"Nasr City, Cairo, Egypt ",15 days ago,Full TimePart TimeExperienced · 5+ Yrs of Exp · IT/Software Development · Quality · Gitlab · Python · Information Technology (IT),, https://wuzzuf.net/jobs/p/8fNk4IkCcb1i-Senior-Software-Testing-Engineer-Astute-Imaging-Cairo-Egypt?o=35&l=sp&t=sj&a=python|search-v3|hpb,
Software Test Lead,RDI -,"Dokki, Giza, Egypt ",15 days ago,Full TimeExperienced · 4+ Yrs of Exp · IT/Software Development · Quality · Engineering - Telecom/Technology · Software Testing · Python Scripting · Quality Control · Testing · Linux · Programming · SQL,, https://wuzzuf.net/jobs/p/wuG927vmmOqt-Software-Test-Lead-RDI-Giza-Egypt?o=36&l=sp&t=sj&a=python|search-v3|hpb,
Full Stack Technical Lead,RDI -,"Dokki, Giza, Egypt ",15 days ago,Full TimeManager · 8+ Yrs of Exp · IT/Software Development · Engineering - Telecom/Technology · Angular · Full Stack Development · JavaScript · Flask · Spring Boot · Django · Python · Information Technology (IT),, https://wuzzuf.net/jobs/p/TDPT5GVXzyC5-Full-Stack-Technical-Lead-RDI-Giza-Egypt?o=37&l=sp&t=sj&a=python|search-v3|hpb,
Senior Devops Engineer,Confidential -,"Maadi, Cairo, Egypt ",16 days ago,Full TimeExperienced · 3 - 5 Yrs of Exp · IT/Software Development · Engineering - Telecom/Technology · DevOps · Information Technology (IT) · Software Development · Software Engineering · Computer Science · Docker · Engineering · Linux,, https://wuzzuf.net/jobs/p/bV1M7RYSCx4U-Senior-Devops-Engineer-Cairo-Egypt?o=38&l=sp&t=sj&a=python|search-v3|hpb,
Full Stack Web Developer -E Commerce Technical Manager,Confidential -,"Nasr City, Cairo, Egypt ",16 days ago,Full TimeManager · 5 - 8 Yrs of Exp · IT/Software Development · Engineering - Telecom/Technology · Computer Science · JavaScript · MongoDB · MySQL · HTML · CSS · E-Commerce · back-end website ,, https://wuzzuf.net/jobs/p/lrLJLIVfx2F9-Full-Stack-Web-Developer--E-Commerce-Technical-Manager-Cairo-Egypt?o=39&l=sp&t=sj&a=python|search-v3|hpb,
Python Back-End Developer (Part-Time),Snuggs Egypt -,"New Cairo, Cairo, Egypt ",2 months ago,Part TimeFreelance / ProjectWork From HomeEntry Level · 0 - 2 Yrs of Exp · IT/Software Development · Engineering - Telecom/Technology · back-end · Back-End Developer · Computer Science · developer · Python · Software Development · Software Engineering · Information Technology (IT),, https://wuzzuf.net/jobs/p/l2Q5ejbze43P-Python-Back-End-Developer-Part-Time-Snuggs-Egypt-Cairo-Egypt?o=40&l=sp&t=sj&a=python|search-v3|hpb,
Back End Engineer (All Levels) - Munich or Remote (f/m/x),FINN -,"Munich, Germany ",11 days ago,Full TimePart TimeWork From HomeEntry Level · 1+ Yrs of Exp · IT/Software Development · Engineering - Telecom/Technology · JavaScript · Node.js · Golang · Python · AWS · Software Engineering · Software Development · NodeJS,, https://wuzzuf.net/jobs/p/RKI3LrikkbFq-Back-End-Engineer-All-Levels---Munich-or-Remote-fmx-FINN-Munich-Germany?o=41&l=sp&t=sj&a=python|search-v3|hpb,
Senior Devops Engineer,Botit -,"Cairo, Egypt ",17 days ago,Full TimeExperienced · 3+ Yrs of Exp · IT/Software Development · Engineering - Telecom/Technology · Linux · Azure · Nginx · Docker · Kubernetes · Git · DevOps · Jenkins,, https://wuzzuf.net/jobs/p/DrIQZyZUSOcz-Senior-Devops-Engineer-Botit-Cairo-Egypt?o=42&l=sp&t=sj&a=python|search-v3|hpb,
Python Developer,Andela -,"Cairo, Egypt ",2 months ago,Full TimeFreelance / ProjectWork From HomeEntry Level · 3 - 5 Yrs of Exp · IT/Software Development · Engineering - Telecom/Technology · Computer Science · Information Technology (IT) · Software Development · Software Engineering · Engineering · Software · Python · Technical Support,, https://wuzzuf.net/jobs/p/1cbcpOIsGn6f-Python-Developer-Andela-Cairo-Egypt?o=43&l=sp&t=sj&a=python|search-v3|hpb,
Senior Odoo Developer,Perfect-Tech -,"Cairo, Egypt ",16 days ago,Full TimeExperienced · 3+ Yrs of Exp · IT/Software Development · Engineering - Telecom/Technology · Computer Science · Development · Information Technology (IT) · Software · Software Development · Python · JavaScript,, https://wuzzuf.net/jobs/p/bAqsIkXunHDI-Senior-Odoo-Developer-Perfect-Tech-Cairo-Egypt?o=44&l=sp&t=sj&a=python|search-v3|hpb,
Full-Stack Development Engineer,Confidential -,"New Cairo, Cairo, Egypt ",13 days ago,Full TimeExperienced · 2 - 4 Yrs of Exp · IT/Software Development · Engineering - Telecom/Technology · PHP · Python · AngularJS · jQuery · Laravel · MySQL · Front End · Back End,, https://wuzzuf.net/jobs/p/eRvfGnt89LI6-Full-Stack-Development-Engineer-Cairo-Egypt?o=45&l=sp&t=sj&a=python|search-v3|hpb,
DevOps & Cloud Engineer,RDI -,"Giza, Giza, Egypt ",15 days ago,Full TimeEntry Level · 1 - 3 Yrs of Exp · Installation/Maintenance/Repair · IT/Software Development · Engineering - Telecom/Technology · AWS · Cloud · DevOps · Ruby · Bash · Perl · Python,, https://wuzzuf.net/jobs/p/hmq87Qo46S0q-DevOps-Cloud-Engineer-RDI-Giza-Egypt?o=46&l=sp&t=sj&a=python|search-v3|hpb,
Middleware Developer,B.TECH -,"Nasr City, Cairo, Egypt ",15 days ago,Full TimeExperienced · 3 - 5 Yrs of Exp · IT/Software Development · Engineering - Telecom/Technology · SOA · Information Technology · DevOps · Software Development · Tomcat · XSLT · Integration · API,, https://wuzzuf.net/jobs/p/qZswEMl5FZgT-Middleware-Developer-B-TECH-Cairo-Egypt?o=47&l=sp&t=sj&a=python|search-v3|hpb,
Back-End Developer,Reno Systems -,"Maadi, Cairo, Egypt ",20 days ago,Full TimeExperienced · 2+ Yrs of Exp · IT/Software Development · Engineering - Telecom/Technology · Python · Computer Science · Information Technology (IT) · Engineering · Django · Linux · Git · Apache,, https://wuzzuf.net/jobs/p/Gm6cGGU7CATI-Back-End-Developer-Reno-Systems-Cairo-Egypt?o=48&l=sp&t=sj&a=python|search-v3|hpb,
IT Specialist,J&T Express Egypt -,"New Cairo, Cairo, Egypt ",20 days ago,Full TimeEntry Level · 0 - 3 Yrs of Exp · males_preferred · IT/Software Development · Engineering - Telecom/Technology · Computer Science · Information Technology (IT) · PHP · Python · Information technology · Communication skills · Technical Support · Telecom Engineering,, https://wuzzuf.net/jobs/p/LNnKIR5DuneO-IT-Specialist-JT-Express-Egypt-Cairo-Egypt?o=49&l=sp&t=sj&a=python|search-v3|hpb,
Odoo Developer,Alarabia Group -,"10th of Ramadan City, Cairo, Egypt ",20 days ago,Full TimeExperienced · 2 - 6 Yrs of Exp · Installation/Maintenance/Repair · IT/Software Development · Engineering - Telecom/Technology · Computer Engineering · Computer Science · Engineering · Git · HTML · Information Technology (IT) · CSS,, https://wuzzuf.net/jobs/p/Rbh53j40XOEP-Odoo-Developer-Alarabia-Group-Cairo-Egypt?o=50&l=sp&t=sj&a=python|search-v3|hpb,
Odoo Implementer,Kick Start Interactive -,"Giza, Egypt ",20 days ago,Part TimeEntry Level · 1 - 3 Yrs of Exp · IT/Software Development · Engineering - Telecom/Technology · Agile · ERP · Python · Odoo · CSS · Git · HTML · Information Technology (IT),, https://wuzzuf.net/jobs/p/hdoE0CqarWU9-Odoo-Implementer-Kick-Start-Interactive-Giza-Egypt?o=51&l=sp&t=sj&a=python|search-v3|hpb,
Devops Engineer,Confidential -,"Nasr City, Cairo, Egypt ",21 days ago,Full TimeExperienced · 2+ Yrs of Exp · IT/Software Development · Engineering - Telecom/Technology · DevOps · Information Technology (IT) · Jenkins · Git · MongoDB · JSON · Computer Science · Software,, https://wuzzuf.net/jobs/p/3kXNVPG60nwL-Devops-Engineer-Cairo-Egypt?o=52&l=sp&t=sj&a=python|search-v3|hpb,
Product Owner - Health Care SaaS Platform,Confidential -,"Cairo, Egypt ",18 days ago,Full TimeWork From HomeManager · 5 - 20 Yrs of Exp · IT/Software Development · Project/Program Management · Engineering - Telecom/Technology · CSPO · Product Management · PHP Development · WordPress · JavaScript · Python · Health Care,, https://wuzzuf.net/jobs/p/nbscKB0kDoTR-Product-Owner---Health-Care-SaaS-Platform-Cairo-Egypt?o=53&l=sp&t=sj&a=python|search-v3|hpb,
Azure Support Engineer,Alnafitha -,"Nasr City, Cairo, Egypt ",22 days ago,Full TimeExperienced · 3 - 5 Yrs of Exp · IT/Software Development · Engineering - Telecom/Technology · Azure · AWS · Cloud · Computer Science · SQL · Information Technology (IT) · MDM · SCCM,, https://wuzzuf.net/jobs/p/P064CAHPPewo-Azure-Support-Engineer-Alnafitha-Cairo-Egypt?o=54&l=sp&t=sj&a=python|search-v3|hpb,
ICT Teacher (Alexandria),Egyptian English Language schools -,"Mandara, Alexandria, Egypt ",19 days ago,Full TimeExperienced · 2 - 5 Yrs of Exp · IT/Software Development · Education/Teaching · Training/Instructor · Teaching · Computer · Education · Computer Science · English · HTML · Java,, https://wuzzuf.net/jobs/p/YsEcL2dzwzWs-ICT-Teacher-Alexandria-Egyptian-English-Language-schools-Alexandria-Egypt?o=55&l=sp&t=sj&a=python|search-v3|hpb,
Back End Developer (Onsite),JBF Digital Marketing Agency -,"Mohandessin, Giza, Egypt ",20 days ago,Full TimeExperienced · 3 - 8 Yrs of Exp · IT/Software Development · Engineering - Telecom/Technology · SQL · Problem Solving · JavaScript · Information Technology (IT) · Science · Engineering · Skills · Computer Science,, https://wuzzuf.net/jobs/p/6dBd1jAb413m-Back-End-Developer-Onsite-JBF-Digital-Marketing-Agency-Giza-Egypt?o=56&l=sp&t=sj&a=python|search-v3|hpb,
Sr. Odoo Developer,Al Rabat -,"Nasr City, Cairo, Egypt ",23 days ago,Full TimeExperienced · 5 - 7 Yrs of Exp · IT/Software Development · Engineering - Telecom/Technology · HTML · CSS · Java · Odoo · Python · JavaScript · Information Technology (IT) · Computer Science,, https://wuzzuf.net/jobs/p/qj8u73JHg2BV-Sr-Odoo-Developer-Al-Rabat-Cairo-Egypt?o=57&l=sp&t=sj&a=python|search-v3|hpb,
Power BI Analyst,Dynamicslink -,"Nasr City, Cairo, Egypt ",21 days ago,Full TimeEntry Level · 1 - 3 Yrs of Exp · IT/Software Development · Analyst/Research · Engineering - Telecom/Technology · Power BI · Analyzing data · Information Technology (IT) · Data · SQL · Computer Science · Telecom Engineering,, https://wuzzuf.net/jobs/p/9KaMGqzG1270-Power-BI-Analyst-Dynamicslink-Cairo-Egypt?o=58&l=sp&t=sj&a=python|search-v3|hpb,
Software Project Manager,JBF Digital Marketing Agency -,"Mohandessin, Giza, Egypt ",25 days ago,Full TimeManager · 5+ Yrs of Exp · IT/Software Development · Project/Program Management · Engineering - Telecom/Technology · Communication · Computer Science · Information Technology (IT) · Management · Project · Project Management · Communication skills,, https://wuzzuf.net/jobs/p/fX90tr3Mm4Lk-Software-Project-Manager-JBF-Digital-Marketing-Agency-Giza-Egypt?o=59&l=sp&t=sj&a=python|search-v3|hpb,
Senior System & Network Admin,Cashcall -,"Maadi, Cairo, Egypt ",26 days ago,Full TimeExperienced · 2+ Yrs of Exp · Installation/Maintenance/Repair · IT/Software Development · Engineering - Telecom/Technology · Computer Science · IT · Networking · Information Technology (IT) · System Administration · Maintenance · Python,, https://wuzzuf.net/jobs/p/6HOdrBNpsHyZ-Senior-System-Network-Admin-Cashcall-Cairo-Egypt?o=60&l=sp&t=sj&a=python|search-v3|hpb,
Odoo Developer,TechCastle -,"Cairo, Egypt ",29 days ago,Full TimePart TimeWork From HomeEntry Level · 0 - 2 Yrs of Exp · IT/Software Development · Engineering - Telecom/Technology · Odoo Developer · Python Developer · Computer Engineering · Computer Science · Engineering · Information Technology (IT) · Python · Software,, https://wuzzuf.net/jobs/p/Aea7PFSHgYNl-Odoo-Developer-TechCastle-Cairo-Egypt?o=61&l=sp&t=sj&a=python|search-v3|hpb,
Enterprise Software Developer,eT3 - Tomorrow Information Technology -,"New Cairo, Cairo, Egypt ",26 days ago,Full TimeEntry Level · 1+ Yrs of Exp · IT/Software Development · Engineering - Telecom/Technology · Information Technology (IT) · Computer Science · Fullstack · Frontend Development · HTML · CSS · javaScript · Backend Development,, https://wuzzuf.net/jobs/p/FJYBP3NOV6g7-Enterprise-Software-Developer-eT3---Tomorrow-Information-Technology-Cairo-Egypt?o=62&l=sp&t=sj&a=python|search-v3|hpb,
Robotics & Steam Instructor (for Kids),Edu-Zone -,"Cairo, Egypt ",26 days ago,Full TimePart TimeEntry Level · 0 - 3 Yrs of Exp · Engineering - Mechanical/Electrical · Education/Teaching · Training/Instructor · Arduino · 3D Printing · Instructor · Education · Programming · Mechanical · Robotics,, https://wuzzuf.net/jobs/p/jtIkwdia5alO-Robotics-Steam-Instructor-for-Kids-Edu-Zone-Cairo-Egypt?o=63&l=sp&t=sj&a=python|search-v3|hpb,
Full Stack Senior Java Developer (Remotely for USA),Mobile Wave 3 -,"Nasr City, Cairo, Egypt ",27 days ago,Full TimeExperienced · 4 - 7 Yrs of Exp · IT/Software Development · Engineering - Telecom/Technology · Full Stack · Computer Science · Java · JavaScript · React · CSS · Python · jQuery,, https://wuzzuf.net/jobs/p/RvxHh93gyQn7-Full-Stack-Senior-Java-Developer-Remotely-for-USA-Mobile-Wave-3-Cairo-Egypt?o=64&l=sp&t=sj&a=python|search-v3|hpb,
Senior Data Engineer | Tableau Is A Must,Fatura  -,"Maadi, Cairo, Egypt ",28 days ago,Full TimeExperienced · 4+ Yrs of Exp · IT/Software Development · Engineering - Telecom/Technology · Big Data · Python · Tableau · Data Modeling · Google BigQuery · SQL · Git · Apache Hadoop,, https://wuzzuf.net/jobs/p/T3uMzvm3Cjb9-Senior-Data-Engineer-Tableau-Is-A-Must-Fatura-Cairo-Egypt?o=65&l=sp&t=sj&a=python|search-v3|hpb,
Application Engineer - Ansys Maxwell,Fluid Codes -,"Cairo, Egypt ",28 days ago,"Full TimeExperienced · 2+ Yrs of Exp · Engineering - Telecom/Technology · Engineering - Mechanical/Electrical · Ansys Maxwell, · Low-Frequency Electromagnetics · Simulation Software · Electrical Engineering · AutoCAD · C++ · Python",, https://wuzzuf.net/jobs/p/lvXJiOMAI2aE-Application-Engineer---Ansys-Maxwell-Fluid-Codes-Cairo-Egypt?o=66&l=sp&t=sj&a=python|search-v3|hpb,
Security Engineer,Itechs -,"Heliopolis, Cairo, Egypt ",28 days ago,Full TimeExperienced · 4 - 7 Yrs of Exp · IT/Software Development · Engineering - Telecom/Technology · Computer Science · Communication · CEH · CISM · CISSP · Information Technology (IT) · Fortinet · Python,, https://wuzzuf.net/jobs/p/VfmTGjRF09GN-Security-Engineer-Itechs-Cairo-Egypt?o=67&l=sp&t=sj&a=python|search-v3|hpb,
Machine Translation Engineer,Future Group -,"Giza, Egypt ",28 days ago,Full TimeWork From HomeExperienced · 4+ Yrs of Exp · IT/Software Development · Analyst/Research · Engineering - Telecom/Technology · English · Localization · Machine Learning · Machine Translation · Natural Language Processing · Software Development · Python,, https://wuzzuf.net/jobs/p/ZfMbp8Qpkepo-Machine-Translation-Engineer-Future-Group-Giza-Egypt?o=68&l=sp&t=sj&a=python|search-v3|hpb,
DevOps Engineer,Neureveal -,"Maadi, Cairo, Egypt ",30 days ago,Full TimeExperienced · 4+ Yrs of Exp · IT/Software Development · Engineering - Telecom/Technology · DevOps · Information Technology (IT) · Jenkins · Linux · Python · SQL · Docker · AWS,, https://wuzzuf.net/jobs/p/Oq4yhPMuVdGM-DevOps-Engineer-Neureveal-Cairo-Egypt?o=69&l=sp&t=sj&a=python|search-v3|hpb,
Senior Infrastructure Engineer,siParadigm Egypt -,"Sheraton, Cairo, Egypt ",30 days ago,Full TimeWork From HomeExperienced · 2 - 5 Yrs of Exp · IT/Software Development · Engineering - Telecom/Technology · MySQL · Engineering · Information Technology (IT) · Infrastructure · Linux · Computer Science · computer · HTTP,, https://wuzzuf.net/jobs/p/YFohBwOciYOG-Senior-Infrastructure-Engineer-siParadigm-Egypt-Cairo-Egypt?o=70&l=sp&t=sj&a=python|search-v3|hpb,
Odoo Developer,Isky Development -,"6th of October, Giza, Egypt ",30 days ago,Full TimeEntry Level · 1 - 3 Yrs of Exp · IT/Software Development · Engineering - Telecom/Technology · Computer Science · Information Technology (IT) · jQuery · Odoo · Python · Programming · PostgreSQL · XML,, https://wuzzuf.net/jobs/p/HSi4bBTaHw5C-Odoo-Developer-Isky-Development-Giza-Egypt?o=71&l=sp&t=sj&a=python|search-v3|hpb,
Senior Odoo Developer,ABS  -,"Maadi, Cairo, Egypt ",1 month ago,Full TimeExperienced · 3 - 5 Yrs of Exp · IT/Software Development · Engineering - Telecom/Technology · Odoo ERP · Computer Science · MySQL · MVC · Programming · Python · Software Development · Software Engineering,, https://wuzzuf.net/jobs/p/TV9mOBauGddV-Senior-Odoo-Developer-ABS-Cairo-Egypt?o=72&l=sp&t=sj&a=python|search-v3|hpb,
Odoo Developer,Arrows for information technology  -,"Dokki, Giza, Egypt ",1 month ago,Full TimeExperienced · 1+ Yrs of Exp · Installation/Maintenance/Repair · IT/Software Development · Engineering - Telecom/Technology · Odoo Developer · Python · Odoo · Information Technology (IT) · developer · Computer Science · ERP,, https://wuzzuf.net/jobs/p/nS5EH56zBvf5-Odoo-Developer-Arrows-for-information-technology-Giza-Egypt?o=73&l=sp&t=sj&a=python|search-v3|hpb,
Cloud DevOps Intern,Appgain -,"Dokki, Giza, Egypt ",1 month ago,InternshipEntry Level · 0 - 1 Yrs of Exp · Installation/Maintenance/Repair · IT/Software Development · Engineering - Telecom/Technology · Information Technology (IT) · Computer Science · AWS · Cloud · DevOps · Engineering · Docker,, https://wuzzuf.net/jobs/p/4Z1Dx43l2R1n-Cloud-DevOps-Intern-Appgain-Giza-Egypt?o=74&l=sp&t=sj&a=python|search-v3|hpb,
Research And Development Engineer,Simplex -,"Cairo, Egypt ",1 month ago,Full TimeExperienced · 5 - 6 Yrs of Exp · R&D/Science · Analyst/Research · Engineering - Mechanical/Electrical · Engineering · Mechatronics · Python · SolidWorks · CAD · Research Development,, https://wuzzuf.net/jobs/p/Qf7QBoOzf4zI-Research-And-Development-Engineer-Simplex-Cairo-Egypt?o=75&l=sp&t=sj&a=python|search-v3|hpb,
"RPA Developer (Automation Anywhere, UiPath, Blue Prism)",Tarqeem Solutions -,"Mohandessin, Giza, Egypt ",1 month ago,Full TimeWork From HomeExperienced · 2 - 4 Yrs of Exp · IT/Software Development · Engineering - Telecom/Technology · RPA · Automation Anywhere · Automation · BluePrism · Software Development · Computer Science · Information Technology (IT) · Python,, https://wuzzuf.net/jobs/p/e3IR8vKsKKIy-RPA-Developer-Automation-Anywhere-UiPath-Blue-Prism-Tarqeem-Solutions-Giza-Egypt?o=76&l=sp&t=sj&a=python|search-v3|hpb,
Backend Team Lead (Java),Confidential -,"New Cairo, Cairo, Egypt ",1 month ago,Full TimeManager · 8 - 10 Yrs of Exp · IT/Software Development · Engineering - Telecom/Technology · coding · Computer Science · Design · Engineering · Information Technology (IT) · Java · Lead · Software,, https://wuzzuf.net/jobs/p/LrYuwvYg8Vza-Backend-Team-Lead-Java-Cairo-Egypt?o=77&l=sp&t=sj&a=python|search-v3|hpb,
Senior Backend Engineer,LxT -,"Mohandessin, Giza, Egypt ",1 month ago,Full TimeExperienced · 3 - 5 Yrs of Exp · IT/Software Development · Engineering - Telecom/Technology · Docker · Python · Programming · Software Development · Testing · Agile · AWS Cloud · Flask,, https://wuzzuf.net/jobs/p/q5gRd0NwEntJ-Senior-Backend-Engineer-LxT-Giza-Egypt?o=78&l=sp&t=sj&a=python|search-v3|hpb,
Senior Devops Engineer,SURE International Technology -,"Cairo, Egypt ",1 month ago,Full TimeWork From HomeExperienced · 5+ Yrs of Exp · IT/Software Development · Engineering - Telecom/Technology · AWS · DevOps · Git · Computer Science · Software Development · Software · AWS Cloud · Cloud,, https://wuzzuf.net/jobs/p/PdXxOOf4pE5D-Senior-Devops-Engineer-SURE-International-Technology-Cairo-Egypt?o=79&l=sp&t=sj&a=python|search-v3|hpb,
Backend Developer,LxT -,"Mohandessin, Giza, Egypt ",1 month ago,Full TimeEntry Level · 0 - 2 Yrs of Exp · IT/Software Development · Engineering - Telecom/Technology · Python · Django · Flask · Programming · Azure · GCP · Amazon Web Services · Agile,, https://wuzzuf.net/jobs/p/NC3rSyO6wtYC-Backend-Developer-LxT-Giza-Egypt?o=80&l=sp&t=sj&a=python|search-v3|hpb,
Senior Odoo developer,Bitsera Solutions -,"Cairo, Egypt ",1 month ago,Full TimeWork From HomeExperienced · 4+ Yrs of Exp · IT/Software Development · Engineering - Telecom/Technology · Odoo Development · Python · JavaScript · HTML · CSS · Software Development · OWL,, https://wuzzuf.net/jobs/p/qtgKQNs1ZDhR-Senior-Odoo-developer-Bitsera-solutions-Cairo-Egypt?o=81&l=sp&t=sj&a=python|search-v3|hpb,
Odoo Developer,Elitbuzz -,"Maadi, Cairo, Egypt ",1 month ago,Full TimeExperienced · 4 - 8 Yrs of Exp · IT/Software Development · Odoo · Odoo Development · Development · Python · Programming,, https://wuzzuf.net/jobs/p/OtqAucOcDRLj-Odoo-Developer-Elitbuzz-Cairo-Egypt?o=82&l=sp&t=sj&a=python|search-v3|hpb,
AI / Machine Learning Engineering Lead,Unifonic -,"Cairo, Egypt ",1 month ago,Full TimeWork From HomeManager · 10+ Yrs of Exp · IT/Software Development · Engineering - Telecom/Technology · Engineering · Information Technology (IT) · Machine Learning · NLP · Python · Software Engineering · Statistics · Kubernetes,, https://wuzzuf.net/jobs/p/ENCERkCJFiDk-AI-Machine-Learning-Engineering-Lead-Unifonic-Cairo-Egypt?o=83&l=sp&t=sj&a=python|search-v3|hpb,
Senior Odoo Developer,Raya Customer Experience -,"6th of October, Giza, Egypt ",1 month ago,Full TimeExperienced · 3 - 4 Yrs of Exp · IT/Software Development · Engineering - Telecom/Technology · Python · Agile · Software Development · SQL · Testing · MySQL · Linux · Computer Engineering,, https://wuzzuf.net/jobs/p/Xb07BzU0mqpw-Senior-Odoo-Developer-Raya-Customer-Experience-Giza-Egypt?o=84&l=sp&t=sj&a=python|search-v3|hpb,
Data Management Engineer,BBI-Consultancy -,"Nasr City, Cairo, Egypt ",1 month ago,InternshipEntry Level · IT/Software Development · Engineering - Telecom/Technology · Information Technology (IT) · Computer Science · Data Engineering · Data Management Engineer · Architecture · Communication · Database · Engineering,, https://wuzzuf.net/jobs/p/2HJ8FVGGnUNa-Data-Management-Engineer-BBI-Consultancy-Cairo-Egypt?o=85&l=sp&t=sj&a=python|search-v3|hpb,
Senior Data Engineer,Cashcall -,"Maadi, Cairo, Egypt ",1 month ago,Full TimeExperienced · 3 - 5 Yrs of Exp · IT/Software Development · Engineering - Telecom/Technology · Engineering - Other · Database · Information Technology (IT) · IT · ITIL · Computer Science · Software Development · SQL,, https://wuzzuf.net/jobs/p/RifksK0V3Z5x-Senior-Data-Engineer-Cashcall-Cairo-Egypt?o=86&l=sp&t=sj&a=python|search-v3|hpb,
Senior Software Quality Engineer - Security,Unifonic -,"Cairo, Egypt ",1 month ago,Full TimeWork From HomeExperienced · 8+ Yrs of Exp · IT/Software Development · Quality · Engineering - Telecom/Technology · Analysis · backend · API · Development · Information Technology (IT) · Java · Python,, https://wuzzuf.net/jobs/p/kxPckki5BtPk-Senior-Software-Quality-Engineer---Security-Unifonic-Cairo-Egypt?o=87&l=sp&t=sj&a=python|search-v3|hpb,
Service Delivery Lead (Networking & Security),NOK for Human Capital Solutions -,"Cairo, Egypt ",1 month ago,Full TimeManager · 7+ Yrs of Exp · IT/Software Development · CCNA · Cisco · CISSP · Computer Science · Customer Service · firewalls · Information Technology (IT) · Networking · IP,, https://wuzzuf.net/jobs/p/nd3mGBnexe2x-Service-Delivery-Lead-Networking-Security-NOK-for-Human-Capital-Solutions-Cairo-Egypt?o=88&l=sp&t=sj&a=python|search-v3|hpb,
Service Delivery Lead (.NET/DevOps),NOK for Human Capital Solutions -,"Cairo, Egypt ",1 month ago,Full TimeManager · 5+ Yrs of Exp · IT/Software Development · Engineering - Telecom/Technology · .net core · .Net · ASP.Net · AWS · Azure · Computer Science · DevOps · Information Technology (IT),, https://wuzzuf.net/jobs/p/MayuIrB56Ep8-Service-Delivery-Lead-NETDevOps-NOK-for-Human-Capital-Solutions-Cairo-Egypt?o=89&l=sp&t=sj&a=python|search-v3|hpb,
Senior Devops Engineer,Unifonic -,"Cairo, Egypt ",1 month ago,Full TimeWork From HomeExperienced · 3+ Yrs of Exp · IT/Software Development · Engineering - Telecom/Technology · Docker · DevOps · Kubernetes · AWS · CI/CD · Jenkins · Terraform · Agile,, https://wuzzuf.net/jobs/p/s9YyMIoagHoR-Senior-Devops-Engineer-Unifonic-Cairo-Egypt?o=90&l=sp&t=sj&a=python|search-v3|hpb,
Back-End Developer (Apache AirFlow) - Remotely,Delivery-tech -,"Cairo, Egypt ",1 month ago,Full TimeWork From HomeExperienced · 5+ Yrs of Exp · IT/Software Development · Engineering - Telecom/Technology · Apache · back-end · Back-End Developer · Computer Science · Information Technology (IT) · Software Development · developer · JavaScript,, https://wuzzuf.net/jobs/p/BHpm4CqBsWjv-Back-End-Developer-Apache-AirFlow---Remotely-Delivery-tech-Cairo-Egypt?o=91&l=sp&t=sj&a=python|search-v3|hpb,
Ruby On Rails Software Developer - German Account,Procrew -,"Alexandria, Egypt ",1 month ago,Full TimeExperienced · 3 - 4 Yrs of Exp · Installation/Maintenance/Repair · IT/Software Development · Engineering - Telecom/Technology · Communication · Communication skills · Agile · Computer Science · Development · CSS · Software Engineering,, https://wuzzuf.net/jobs/p/GVLwFKHoMCyr-Ruby-On-Rails-Software-Developer---German-Account-Procrew-Alexandria-Egypt?o=92&l=sp&t=sj&a=python|search-v3|hpb,
Data Scientist & BI Developer,Easy System -,"New Cairo, Cairo, Egypt ",1 month ago,Full TimePart TimeExperienced · 5 - 10 Yrs of Exp · IT/Software Development · Engineering - Telecom/Technology · Python · Data Science · Information Technology (IT) · Data · Computer Science · Oracle Obiee · Microsoft Power BI · Power BI,, https://wuzzuf.net/jobs/p/VmhCzmW8TxNC-Data-Scientist-BI-Developer-Easy-System-Cairo-Egypt?o=93&l=sp&t=sj&a=python|search-v3|hpb,
Power BI Developer,Confidential -,"Maadi, Cairo, Egypt ",1 month ago,Full TimeEntry Level · 1 - 4 Yrs of Exp · IT/Software Development · Analyst/Research · Engineering - Telecom/Technology · Analyzing data · Power BI · Powerbi · Data · Information Technology (IT) · Python · Telecom Engineering,, https://wuzzuf.net/jobs/p/v8fu0jYbKsK3-Power-BI-Developer-Cairo-Egypt?o=94&l=sp&t=sj&a=python|search-v3|hpb,
Service Delivery Lead (Database),NOK for Human Capital Solutions -,"Cairo, Egypt ",1 month ago,Full TimeManager · 7+ Yrs of Exp · IT/Software Development · Operations/Management · MySQL · Mysql Database · Database SQL Server · Database · Relational Databases · Databases · Database Systems · NoSQL Database,, https://wuzzuf.net/jobs/p/qDIsjwds5J33-Service-Delivery-Lead-Database-NOK-for-Human-Capital-Solutions-Cairo-Egypt?o=95&l=sp&t=sj&a=python|search-v3|hpb,
Java Web Developer,SSC Egypt -,"Nasr City, Cairo, Egypt ",1 month ago,Full TimeWork From HomeExperienced · 3 - 4 Yrs of Exp · IT/Software Development · Engineering - Telecom/Technology · Java Development · JavaScript · Java · Java Software Development · Java SE · Java EE · Java Jee · Node.js,, https://wuzzuf.net/jobs/p/iHAjKil9STNa-Java-Web-Developer-SSC-Egypt-Cairo-Egypt?o=96&l=sp&t=sj&a=python|search-v3|hpb,
Odoo Developer,Premier Services and Recruitment -,"Nasr City, Cairo, Egypt ",1 month ago,Full TimeExperienced · 2 - 10 Yrs of Exp · IT/Software Development · Engineering - Telecom/Technology · Computer Science · Odoo · Python · Developer · SQ · Information Technology (IT) · Computer Engineering · Odoo Development,, https://wuzzuf.net/jobs/p/GMquusUrCJQz-Odoo-Developer-Premier-Services-and-Recruitment-Cairo-Egypt?o=97&l=sp&t=sj&a=python|search-v3|hpb,
Application Support Engineer,Testing Geeks -,"Dokki, Giza, Egypt ",1 month ago,Full TimeExperienced · 3 - 10 Yrs of Exp · IT/Software Development · Engineering - Telecom/Technology · Information Technology (IT) · Application Support · SQL · Computer Science · PHP · Laravel · Python · Typescript,, https://wuzzuf.net/jobs/p/8p9AxCYDCdsK-Application-Support-Engineer-Testing-Geeks-Giza-Egypt?o=98&l=sp&t=sj&a=python|search-v3|hpb,
Software/Data Engineer,Confidential -,"6th of October, Giza, Egypt ",1 month ago,Full TimeExperienced · 2 - 3 Yrs of Exp · IT/Software Development · Engineering - Telecom/Technology · Computer Engineering · Information Technology (IT) · Computer Science · Engineering · English · Java · MongoDB · Programming,, https://wuzzuf.net/jobs/p/hOdiuF1gnxQP-SoftwareData-Engineer-Giza-Egypt?o=99&l=sp&t=sj&a=python|search-v3|hpb,
Senior DevOps Engineer,WorkMotion -,"Maadi, Cairo, Egypt ",1 month ago,Full TimeWork From HomeExperienced · 4+ Yrs of Exp · IT/Software Development · Engineering - Telecom/Technology · AWS · Docker · Engineering · Information Technology (IT) · Jenkins · Kubernetes · Python · Terraform,, https://wuzzuf.net/jobs/p/ymYtwA8jlh5P-Senior-DevOps-Engineer-WorkMotion-Cairo-Egypt?o=100&l=sp&t=sj&a=python|search-v3|hpb,
Data Scientist,Seoudi Supermarket -,"Sheikh Zayed, Giza, Egypt ",1 month ago,Full TimeEntry Level · 1 - 4 Yrs of Exp · IT/Software Development · Analyst/Research · Engineering - Telecom/Technology · Data Science · Programming · Machine Learning · Python · Data Analytics · Computer Science · Information Technology (IT),, https://wuzzuf.net/jobs/p/Jf5vcATBdpub-Data-Scientist-Seoudi-Supermarket-Giza-Egypt?o=101&l=sp&t=sj&a=python|search-v3|hpb,
Senior Full Stack Developer,Dafater -,"Heliopolis, Cairo, Egypt ",1 month ago,Full TimeWork From HomeExperienced · 5 - 7 Yrs of Exp · IT/Software Development · Engineering - Telecom/Technology · Information Technology (IT) · Computer Science · Software Development · Software Engineering · Software · CSS · HTML · javaScript,, https://wuzzuf.net/jobs/p/95YJ2GqOwWa6-Senior-Full-Stack-Developer-Dafater-Cairo-Egypt?o=102&l=sp&t=sj&a=python|search-v3|hpb,
SOC L2 Engineer,ZINAD IT -,"New Cairo, Cairo, Egypt ",1 month ago,Full TimeExperienced · 3 - 5 Yrs of Exp · IT/Software Development · Engineering - Telecom/Technology · Information Technology (IT) · Networking · Computer Science · information security · Network · Engineering · Computer Engineering · FTP,, https://wuzzuf.net/jobs/p/q40fMoCfiUgy-SOC-L2-Engineer-ZINAD-IT-Cairo-Egypt?o=103&l=sp&t=sj&a=python|search-v3|hpb,
Senior Front End Developer,Dafater -,"Nasr City, Cairo, Egypt ",1 month ago,Full TimeWork From HomeExperienced · 3+ Yrs of Exp · IT/Software Development · Engineering - Telecom/Technology · Computer Science · front-end · CSS · Information Technology (IT) · JavaScript · Python · Software Development · Web,, https://wuzzuf.net/jobs/p/Zd6BqpLQxMFM-Senior-Front-End-Developer-Dafater-Cairo-Egypt?o=104&l=sp&t=sj&a=python|search-v3|hpb,
Sr. DevOps Engineer,SURE International Technology -,"Cairo, Egypt ",1 month ago,Full TimeExperienced · 5+ Yrs of Exp · IT/Software Development · Engineering - Telecom/Technology · DevOps · AWS · Jenkins · Linux · Python · PHP · CI/CD · Computer Science,, https://wuzzuf.net/jobs/p/djgE4SboOFzg-Sr-DevOps-Engineer-SURE-International-Technology-Cairo-Egypt?o=105&l=sp&t=sj&a=python|search-v3|hpb,
Odoo Developer,Marbella For Food Industry  -,"6th of October, Giza, Egypt ",1 month ago,Full TimeExperienced · 2 - 5 Yrs of Exp · IT/Software Development · CSS · Odoo · Python · SQL · HTML · JavaScript · jQuery · Linux · Computer Science,, https://wuzzuf.net/jobs/p/CtH7tInNesjt-Odoo-Developer-Marbella-For-Food-Industry-Giza-Egypt?o=106&l=sp&t=sj&a=python|search-v3|hpb,
Software Engineer / Senior Software Engineer,Emirates -,"Dubai, United Arab Emirates ",1 month ago,Full TimeExperienced · 3 - 8 Yrs of Exp · IT/Software Development · Engineering - Telecom/Technology · .Net · Angular · Agile · Java · Software Development · Oracle · JavaScript · Front-End Development,, https://wuzzuf.net/jobs/p/gNmq6yykvsvq-Software-Engineer-Senior-Software-Engineer-Emirates-Dubai-United-Arab-Emirates?o=107&l=sp&t=sj&a=python|search-v3|hpb,
Senior Devops Engineer,Caelum Egypt -,"Dokki, Giza, Egypt ",1 month ago,Full TimeExperienced · 3+ Yrs of Exp · IT/Software Development · Engineering - Telecom/Technology · Computer Science · Docker · DevOps · Engineering · Git · Linux · Python · Information Technology (IT),, https://wuzzuf.net/jobs/p/I1bXqHQI0Llg-Senior-Devops-Engineer-Caelum-Egypt-Giza-Egypt?o=108&l=sp&t=sj&a=python|search-v3|hpb,
Senior Devops Engineer,Confidential -,"New Cairo, Cairo, Egypt ",1 month ago,Full TimeExperienced · 3 - 4 Yrs of Exp · IT/Software Development · Engineering - Telecom/Technology · Communication skills · Computer Science · Development · DevOps · Engineering · Information Technology (IT) · Java · Management,, https://wuzzuf.net/jobs/p/4gBVZ0HBs8jj-Senior-Devops-Engineer-Cairo-Egypt?o=109&l=sp&t=sj&a=python|search-v3|hpb,
Ruby on Rails Developer,Remote Platz -,"Cairo, Egypt ",1 month ago,Full TimeWork From HomeExperienced · 3+ Yrs of Exp · IT/Software Development · Engineering - Telecom/Technology · Computer Science · RESTful · APIs · Back-end · Ruby on Rails · Database Design · Git · Information Technology (IT),, https://wuzzuf.net/jobs/p/9uBV54MK1HjH-Ruby-on-Rails-Developer-Remote-Platz-Cairo-Egypt?o=110&l=sp&t=sj&a=python|search-v3|hpb,
Systems Analyst (Application Support),TruKKer Misr -,"Maadi, Cairo, Egypt ",1 month ago,Full TimeEntry Level · 0 - 2 Yrs of Exp · IT/Software Development · Analyst/Research · Engineering - Telecom/Technology · System Analysis · Business Analysis · SQL · Data Analysis · Computer Science · Information Systems · Information Technology (IT),, https://wuzzuf.net/jobs/p/1mKqcQtOoCeI-Systems-Analyst-Application-Support-TruKKer-Misr-Cairo-Egypt?o=111&l=sp&t=sj&a=python|search-v3|hpb,
Senior Computer Vision Engineer,Atomica -,"Cairo, Egypt ",1 month ago,Full TimeWork From HomeExperienced · 3 - 10 Yrs of Exp · IT/Software Development · Engineering - Telecom/Technology · Computer Engineering · Mathematics · Software Development · Software Engineering · C++ · Git · Research · computer,, https://wuzzuf.net/jobs/p/k9aorzMuNSrg-Senior-Computer-Vision-Engineer-Atomica-Cairo-Egypt?o=112&l=sp&t=sj&a=python|search-v3|hpb,
Freelance Data Science Instructor,Faze 3 Consulting -,"Riyadh, Saudi Arabia ",1 month ago,Freelance / ProjectExperienced · 5 - 20 Yrs of Exp · Training/Instructor · Data Science · Artificial Intelligence · Data Analysis · Python · Machine Learning,, https://wuzzuf.net/jobs/p/ZhaAwNcYK7Ae-Freelance-Data-Science-Instructor-Faze-3-Consulting-Riyadh-Saudi-Arabia?o=113&l=sp&t=sj&a=python|search-v3|hpb,
Linux System Admin,Caduceus Lane -,"Alexandria, Egypt ",1 month ago,Full TimeExperienced · 3+ Yrs of Exp · Installation/Maintenance/Repair · IT/Software Development · Engineering - Telecom/Technology · Apache · CentOS · Computer Science · DNS · HTTP · Information Systems · Information Technology (IT),, https://wuzzuf.net/jobs/p/JEGM9GpEdSSg-Linux-System-Admin-Caduceus-Lane-Alexandria-Egypt?o=114&l=sp&t=sj&a=python|search-v3|hpb,
Data Science Instructor,EpsilonAI -,"Nasr City, Cairo, Egypt ",2 months ago,Full TimePart TimeEntry Level · 1+ Yrs of Exp · IT/Software Development · Engineering - Telecom/Technology · Training/Instructor · Data Science · Computer Science · Computer Engineering · Python · Machine Learning · Deep Learning · Artificial Intelligence (AI),, https://wuzzuf.net/jobs/p/MEwqg4ISHBJE-Data-Science-Instructor-EpsilonAI-Cairo-Egypt?o=115&l=sp&t=sj&a=python|search-v3|hpb,
Online Programming Instructor,Yat Learning Centers -,"Maadi, Cairo, Egypt ",2 months ago,"Freelance / ProjectWork From HomeExperienced · 2+ Yrs of Exp · IT/Software Development · Training/Instructor · Java · Teaching · Programming · python, · HTML · instructor",, https://wuzzuf.net/jobs/p/uzTKJzKuPbzf-Online-Programming-Instructor-Yat-Learning-Centers-Cairo-Egypt?o=116&l=sp&t=sj&a=python|search-v3|hpb,
Senior Data Integration Consultant,National System LLC -,"Cairo, Egypt ",2 months ago,Full TimeExperienced · 3+ Yrs of Exp · IT/Software Development · Engineering - Telecom/Technology · Computer Science · Data Warehouse · Engineering · ETL · Git · Information Technology (IT) · Java · Oracle,, https://wuzzuf.net/jobs/p/oTR80xqOkrMP-Senior-Data-Integration-Consultant-National-System-LLC-Cairo-Egypt?o=117&l=sp&t=sj&a=python|search-v3|hpb,
Odoo Developer,Abdeen pharmacies -,"Haram, Giza, Egypt ",2 months ago,Full TimeExperienced · 3 - 5 Yrs of Exp · IT/Software Development · Engineering - Telecom/Technology · Computer Science · Information Technology (IT) · Python · Odoo · Odoo ERP · JavaScript,, https://wuzzuf.net/jobs/p/h4kvz2VJOoZs-Odoo-Developer-Abdeen-pharmacies-Giza-Egypt?o=118&l=sp&t=sj&a=python|search-v3|hpb,
DevOps Engineer,Luftborn -,"Heliopolis, Cairo, Egypt ",2 months ago,Full TimeExperienced · 2+ Yrs of Exp · IT/Software Development · Engineering - Telecom/Technology · Azure · Information Technology (IT) · Software Development · Telecom Engineering · DevOps · Network Security · AWS · Elasticsearch,, https://wuzzuf.net/jobs/p/Js3tFswHkYaf-DevOps-Engineer-Luftborn-Cairo-Egypt?o=119&l=sp&t=sj&a=python|search-v3|hpb,
DevOps: Site Reliability Engineer/ Support Engineer.,Cegedim -,"New Cairo, Cairo, Egypt ",2 months ago,Full TimeExperienced · 2+ Yrs of Exp · IT/Software Development · Engineering - Telecom/Technology · Jira · Saltstack · Jenkins · Linux · Oracle · MongoDB · Bash · Powershell,, https://wuzzuf.net/jobs/p/lYajUGW2y7Rf-DevOps-Site-Reliability-Engineer-Support-Engineer-Cegedim-Cairo-Egypt?o=120&l=sp&t=sj&a=python|search-v3|hpb,
Senior Devops Engineer,Confidential -,"Maadi, Cairo, Egypt ",2 months ago,Full TimeExperienced · 3+ Yrs of Exp · IT/Software Development · Engineering - Telecom/Technology · Information Technology (IT) · Programming · IT · computer · Software Development · Kubernetes · Software Testing · Python,, https://wuzzuf.net/jobs/p/I5JsTIacEnwN-Senior-Devops-Engineer-Cairo-Egypt?o=121&l=sp&t=sj&a=python|search-v3|hpb,
Data Analyst,CRIF EGYPT -,"Heliopolis, Cairo, Egypt ",2 months ago,Full TimeExperienced · 2+ Yrs of Exp · IT/Software Development · Analyst/Research · analytical · Data Analysis · Python · SAS · R · C/C++ · Computer Science · Analysis,, https://wuzzuf.net/jobs/p/N0ts6jJLOucl-Data-Analyst-CRIF-EGYPT-Cairo-Egypt?o=122&l=sp&t=sj&a=python|search-v3|hpb,
Data Analyst,Souhoola -,"Katameya, Cairo, Egypt ",2 months ago,Full TimeExperienced · 2 - 10 Yrs of Exp · IT/Software Development · Analyst/Research · Engineering - Telecom/Technology · Data Analysis · Computer Science · Information Technology (IT) · SQL · SAS · Python · Programming,, https://wuzzuf.net/jobs/p/lzISfUBxoUFe-Data-Analyst-Souhoola-Cairo-Egypt?o=123&l=sp&t=sj&a=python|search-v3|hpb,
Software Research & Development Specialist (U.A.E),Softec Technologies -,"Abu Dhabi, United Arab Emirates ",2 months ago,Full TimeExperienced · 5+ Yrs of Exp · R&D/Science · IT/Software Development · Science · Business Development · Mathematics · Python · Machine Learning · C# · Programming · Data Science,, https://wuzzuf.net/jobs/p/wih5hJTnwd3d-Software-Research-Development-Specialist-UAE-Softec-Technologies-Abu-Dhabi-United-Arab-Emirates?o=124&l=sp&t=sj&a=python|search-v3|hpb,
Software Technical Team Leader,Softec Technologies -,"Maadi, Cairo, Egypt ",2 months ago,Full TimeManager · 7 - 8 Yrs of Exp · IT/Software Development · Engineering - Telecom/Technology · AI · Development · Software · Software Development · Information Technology (IT) · English · Computer Science · Communication skills,, https://wuzzuf.net/jobs/p/29N2qTUqzqK3-Software-Technical-Team-Leader-Softec-Technologies-Cairo-Egypt?o=125&l=sp&t=sj&a=python|search-v3|hpb,
Devops Engineer,Qoyod -,"Cairo, Egypt ",2 months ago,Full TimeExperienced · 5+ Yrs of Exp · Installation/Maintenance/Repair · IT/Software Development · Engineering - Telecom/Technology · Docker · AWS · Cloud Infrastructure · SaaS · Kubernetes · Python · Shell Scripting,, https://wuzzuf.net/jobs/p/znmOcJLKfsp3-Devops-Engineer-Qoyod-Cairo-Egypt?o=126&l=sp&t=sj&a=python|search-v3|hpb,
Technical Artist,Limbic Entertainment (Cairo Office) -,"Sheraton, Cairo, Egypt ",2 months ago,Full TimeEntry Level · 1+ Yrs of Exp · Creative/Design/Art · IT/Software Development · Unreal Engine · Game development · Scripting · VFX · Autodesk Maya · Autodesk 3ds Max · Adobe Photoshop · Python,, https://wuzzuf.net/jobs/p/PVA7KgViF7vm-Technical-Artist-Limbic-Entertainment-Cairo-Office-Cairo-Egypt?o=127&l=sp&t=sj&a=python|search-v3|hpb,
DevOps Engineer,Raya Customer Experience -,"New Cairo, Cairo, Egypt ",2 months ago,Full TimeEntry Level · 1 - 3 Yrs of Exp · Installation/Maintenance/Repair · IT/Software Development · Engineering - Telecom/Technology · Agile · DevOps · Docker · Git · Software Development · Java · Python,, https://wuzzuf.net/jobs/p/A3vRMqa50UPC-DevOps-Engineer-Raya-Customer-Experience-Cairo-Egypt?o=128&l=sp&t=sj&a=python|search-v3|hpb,
Linux System Administrator,Softxpert Incorporation  -,"Alexandria, Egypt ",2 months ago,Full TimeExperienced · 2 - 4 Yrs of Exp · Administration · IT/Software Development · Engineering - Telecom/Technology · Administration · Linux · Engineering · Security · System Administration · AWS · Computer Science,, https://wuzzuf.net/jobs/p/YHOCuShJFUee-Linux-System-Administrator-Softxpert-Incorporation-Alexandria-Egypt?o=129&l=sp&t=sj&a=python|search-v3|hpb,
DevOps Engineer,Al Ahly Momkn for e-payment -,"Maadi, Cairo, Egypt ",2 months ago,Full TimeExperienced · 3 - 5 Yrs of Exp · IT/Software Development · Engineering - Telecom/Technology · DevOps · Information Technology (IT) · Computer Science · Engineering · JavaScript · Python · Software Development · Linux,, https://wuzzuf.net/jobs/p/iq324fGi2VUp-DevOps-Engineer-Al-Ahly-Momkn-for-e-payment-Cairo-Egypt?o=130&l=sp&t=sj&a=python|search-v3|hpb,
Solutions Architect,Block Gemini -,"Mohandessin, Giza, Egypt ",2 months ago,Full TimeManager · 8 - 20 Yrs of Exp · IT/Software Development · Engineering - Telecom/Technology · Information Technology (IT) · Software Engineering · Software · Solution Architecture · Node.js · Java Development · Computer Engineering · Computer Science,, https://wuzzuf.net/jobs/p/XU1xFNtCj24G-Solutions-Architect-Block-Gemini-Giza-Egypt?o=131&l=sp&t=sj&a=python|search-v3|hpb,
Senior .NET Full Stack Developer (.NET Core & Angular),Excel Systems   -,"Sheikh Zayed, Giza, Egypt ",2 months ago,Full TimeExperienced · 4 - 6 Yrs of Exp · males_only · IT/Software Development · Engineering - Telecom/Technology · ASP.NET · ADO.NET · C#.Net · .NET · .NEt Full Stack Developer · Full Stack Developer · java · Python,, https://wuzzuf.net/jobs/p/Z8Dy45Pseo2B-Senior-NET-Full-Stack-Developer-NET-Core-Angular-Excel-Systems-Giza-Egypt?o=132&l=sp&t=sj&a=python|search-v3|hpb,
Senior Data Integration Consultant,egabi solutions -,"Cairo, Egypt ",2 months ago,Full TimeExperienced · 5 - 8 Yrs of Exp · IT/Software Development · Engineering - Telecom/Technology · Computer Science · Teradata · Oracle · ETL · Information Technology (IT) · Data Warehouse · IBM · Informatica,, https://wuzzuf.net/jobs/p/FpOkAgpVglr5-Senior-Data-Integration-Consultant-egabi-solutions-Cairo-Egypt?o=133&l=sp&t=sj&a=python|search-v3|hpb,
Machine Learning Engineer,WUZZUF -,"Maadi, Cairo, Egypt ",2 months ago,Full TimeExperienced · 1 - 4 Yrs of Exp · IT/Software Development · Engineering - Telecom/Technology · Engineering · MySQL · Python · Computer Science · Machine Learning · AI · chatbot · API,, https://wuzzuf.net/jobs/p/Lcw39uYOpkeS-Machine-Learning-Engineer-WUZZUF-Cairo-Egypt?o=134&l=sp&t=sj&a=python|search-v3|hpb,
Web Application Intern,Ahram Security Group -,"10th of Ramadan City, Sharqia, Egypt ",2 months ago,InternshipStudent · R&D/Science · IT/Software Development · Engineering - Telecom/Technology · JavaScript · Python · Java · Computer Science · Development · Database · Information Technology (IT),, https://wuzzuf.net/jobs/p/HAGJdNC5XJ8I-Web-Application-Intern-Ahram-Security-Group-Sharqia-Egypt?o=135&l=sp&t=sj&a=python|search-v3|hpb,
Full Stack Developer,OP-ART Advertising Agency  -,"6th of October, Giza, Egypt ",3 days ago,Full TimeExperienced · 3 - 5 Yrs of Exp · IT/Software Development · Engineering - Telecom/Technology · Software Development · Web · JavaScript · Information Technology (IT) · Computer Science · PHP · Telecom Engineering · HTML,, https://wuzzuf.net/jobs/p/vrN5W01jS5O6-Full-Stack-Developer-OP-ART-Advertising-Agency-Giza-Egypt?o=136&l=sp&t=sj&a=python|search-v3|hpb,
Senior Back End Developer,Charisma Design -,"Cairo, Egypt ",2 days ago,Full TimeExperienced · 3+ Yrs of Exp · IT/Software Development · Engineering - Telecom/Technology · PostgreSQL · PHP · VueJS · Laravel · Node.js · Laravel Framework · Python · Git,, https://wuzzuf.net/jobs/p/hxidYuQT7SbR-Senior-Back-End-Developer-Charisma-Design-Cairo-Egypt?o=137&l=sp&t=sj&a=python|search-v3|hpb,
Data Analyst,Nahr Development -,"Bolkly, Alexandria, Egypt ",2 days ago,Full TimeWork From HomeEntry Level · 1 - 2 Yrs of Exp · IT/Software Development · Analyst/Research · Engineering - Telecom/Technology · Information Technology (IT) · BI · Analysis · business · analytical · SQL · Matplotlib,, https://wuzzuf.net/jobs/p/HzSNvy6aNrjG-Data-Analyst-Nahr-Development-Alexandria-Egypt?o=138&l=sp&t=sj&a=python|search-v3|hpb,
Senior Odoo Developer,aliaict -,"Nasr City, Cairo, Egypt ",12 hours ago,Full TimeExperienced · 3 - 6 Yrs of Exp · IT/Software Development · Engineering - Telecom/Technology · Computer Science · CSS · Agile · Information Technology (IT) · HTML · Software Development · Odoo · Programming,, https://wuzzuf.net/jobs/p/ufdXbapT2l9B-Senior-Odoo-Developer-aliaict-Cairo-Egypt?o=139&l=sp&t=sj&a=python|search-v3|hpb,
Sr Business Intelligence Developer,Centro CDX -,"Cairo, Egypt ",2 months ago,Full TimeExperienced · 3 - 7 Yrs of Exp · Business Development · IT/Software Development · Engineering - Telecom/Technology · Analysis · Business Intelligence · BI · Information Technology (IT) · Power BI · SSAS · SQL,, https://wuzzuf.net/jobs/p/xkl5UuRRU8eq-Sr-Business-Intelligence-Developer-Centro-CDX-Cairo-Egypt?o=140&l=sp&t=sj&a=python|search-v3|hpb,
Machine Learning Engineer,Bypa-ss -,"Maadi, Cairo, Egypt ",2 months ago,Full TimeExperienced · 2+ Yrs of Exp · Installation/Maintenance/Repair · IT/Software Development · Engineering - Telecom/Technology · Automation · AWS · Software Development · Kubernetes · Information Technology (IT) · DevOps · Software,, https://wuzzuf.net/jobs/p/WseKsiXECIUr-Machine-Learning-Engineer-Bypa-ss-Cairo-Egypt?o=141&l=sp&t=sj&a=python|search-v3|hpb,
Web Developer,EGID company -,"New Cairo, Cairo, Egypt ",20 days ago,Full TimeExperienced · 3 - 5 Yrs of Exp · IT/Software Development · Engineering - Telecom/Technology · Angular · Computer Science · Information Technology (IT) · JavaScript · Software Development · CSS · HTML · Java,, https://wuzzuf.net/jobs/p/Q42jvy6EEA7p-Web-Developer-EGID-company-Cairo-Egypt?o=142&l=sp&t=sj&a=python|search-v3|hpb,
Senior Application Support Engineer,e Aswaaq Misr -,"Smart Village, Giza, Egypt ",12 days ago,Full TimeExperienced · 3+ Yrs of Exp · Installation/Maintenance/Repair · IT/Software Development · Engineering - Telecom/Technology · Computer Engineering · Engineering · Information Technology (IT) · JavaScript · JSON · Linux · MySQL,, https://wuzzuf.net/jobs/p/s9SAxU1mYlzP-Senior-Application-Support-Engineer-e-Aswaaq-Misr-Giza-Egypt?o=143&l=sp&t=sj&a=python|search-v3|hpb,
DevOps Operations Specialist,B.TECH -,"Nasr City, Cairo, Egypt ",1 month ago,Full TimeEntry Level · 1 - 3 Yrs of Exp · IT/Software Development · Operations/Management · Engineering - Telecom/Technology · Logistics · Computer Science · Infrastructure · Networking · ERP · IT · Operations,, https://wuzzuf.net/jobs/p/nKOC8EdWS4CN-DevOps-Operations-Specialist-B-TECH-Cairo-Egypt?o=144&l=sp&t=sj&a=python|search-v3|hpb,
Senior ICT Systems Supervisor-Cybersecurity Officer,Confidential -,"Red Sea, Egypt ",15 days ago,Full TimeExperienced · 10+ Yrs of Exp · IT/Software Development · Engineering - Telecom/Technology · Windows Azure · Cybersecurity · Sophos · Office 365 · Microsoft Exchange · CompTIA Security+ · ISO 27001 · GDPR,, https://wuzzuf.net/jobs/p/qTc9oBBzVMfy-Senior-ICT-Systems-Supervisor-Cybersecurity-Officer-Red-Sea-Egypt?o=145&l=sp&t=sj&a=python|search-v3|hpb,
Research Software Development Engineer,TensorGraph -,"Maadi, Cairo, Egypt ",17 days ago,Full TimeExperienced · 2 - 4 Yrs of Exp · IT/Software Development · Analyst/Research · Engineering - Telecom/Technology · Development · Computer Science · Software Development · Software · NodeJS · Software Engineering · Information Technology (IT),, https://wuzzuf.net/jobs/p/bcodR5Fpewkv-Research-Software-Development-Engineer-TensorGraph-Cairo-Egypt?o=146&l=sp&t=sj&a=python|search-v3|hpb,
Senior Odoo Developer,Blue Ribbon -,"New Cairo, Cairo, Egypt ",20 days ago,Full TimeExperienced · 5+ Yrs of Exp · IT/Software Development · Engineering - Telecom/Technology · Information Technology (IT) · Software Development · Odoo · Computer Science · CSS · Git · HTML · JavaScript,, https://wuzzuf.net/jobs/p/VJTX1gXK5ElF-Senior-Odoo-Developer-Blue-Ribbon-Cairo-Egypt?o=147&l=sp&t=sj&a=python|search-v3|hpb,
Backend Developer,VISTA -,"Djibouti, Djibouti ",27 days ago,Full TimeExperienced · 2+ Yrs of Exp · IT/Software Development · Engineering - Telecom/Technology · RESTful APIs · Database Design · Continues Integration (CI) · Development · Back-End Development,, https://wuzzuf.net/jobs/p/mquaLgPN2O0x-Backend-Developer-VISTA-Djibouti-Djibouti?o=148&l=sp&t=sj&a=python|search-v3|hpb,
Senior DevOps & Cloud Native Engineer,BBI-Consultancy -,"Nasr City, Cairo, Egypt ",26 days ago,Full TimeExperienced · 5 - 7 Yrs of Exp · IT/Software Development · Engineering - Telecom/Technology · Agile · AWS · Azure · CI/CD · Cloud · Computer Science · Engineering · Linux,, https://wuzzuf.net/jobs/p/RFdb0XQpeZTx-Senior-DevOps-Cloud-Native-Engineer-BBI-Consultancy-Cairo-Egypt?o=149&l=sp&t=sj&a=python|search-v3|hpb,
Programming / Computer Science Instructor for Students,Edu-Zone -,"Cairo, Egypt ",26 days ago,Full TimePart TimeEntry Level · 1 - 3 Yrs of Exp · IT/Software Development · Engineering - Telecom/Technology · Education/Teaching · Software Development · Software Engineering · Java Software Development · Android Software · Computer Science · Computer Engineering · Computer Systems,, https://wuzzuf.net/jobs/p/P4rvrd30lFIw-Programming-Computer-Science-Instructor-for-Students-Edu-Zone-Cairo-Egypt?o=150&l=sp&t=sj&a=python|search-v3|hpb,
Part time / Summer Academy instructor,GoMyCode -,"Downtown, Cairo, Egypt ",4 days ago,Part TimeFreelance / ProjectEntry Level · IT/Software Development · Education/Teaching · Training/Instructor · Instructor · Training · Teaching · Education · gomycode · part time · summer academy,, https://wuzzuf.net/jobs/p/9jf4PXWBs6TI-Part-time-Summer-Academy-instructor-GoMyCode-Cairo-Egypt?o=151&l=sp&t=sj&a=python|search-v3|hpb,
Full Stack Developer,Confidential -,"Cairo, Egypt ",28 days ago,Full TimeWork From HomeExperienced · 2 - 3 Yrs of Exp · IT/Software Development · Engineering - Telecom/Technology · Engineering · Information Technology (IT) · Java · Software · CSS · JavaScript · MongoDB · PHP,, https://wuzzuf.net/jobs/p/MnvvdOeJ9elE-Full-Stack-Developer-Cairo-Egypt?o=152&l=sp&t=sj&a=python|search-v3|hpb,
IT Application Development and Support Engineer,American International School -,"Sheikh Zayed, Giza, Egypt ",14 days ago,Full TimeExperienced · 2 - 3 Yrs of Exp · IT/Software Development · Engineering - Telecom/Technology · Software Development · Information Technology (IT) · Software · Engineering · HTML · English · Database · Development,, https://wuzzuf.net/jobs/p/7Fk4nGH6Zygq-IT-Application-Development-and-Support-Engineer-American-International-School-Giza-Egypt?o=153&l=sp&t=sj&a=python|search-v3|hpb,
Odoo Developer,Superior Business Solutions -,"Nasr City, Cairo, Egypt ",22 days ago,Full TimeExperienced · 2+ Yrs of Exp · IT/Software Development · Engineering - Telecom/Technology · Computer Science · Information Technology (IT) · Telecom Engineering · Odoo · Odoo Development · POC,, https://wuzzuf.net/jobs/p/mPxWYEAlGNcD-Odoo-Developer-Superior-Business-Solutions-Cairo-Egypt?o=154&l=sp&t=sj&a=python|search-v3|hpb,
Business Analyst,Mobica -,"Mohandessin, Giza, Egypt ",1 month ago,Full TimeExperienced · 3 - 5 Yrs of Exp · Business Development · Analyst/Research · Engineering - Telecom/Technology · Business Analysis · Analysis · SQL · SAP · Microsoft Office · English · ERP,, https://wuzzuf.net/jobs/p/V3yI0lCTBOBV-Business-Analyst-Mobica-Giza-Egypt?o=155&l=sp&t=sj&a=python|search-v3|hpb,
Senior Full Stack Developer,Fotopia -,"Heliopolis, Cairo, Egypt ",22 days ago,Full TimeExperienced · 5 - 8 Yrs of Exp · IT/Software Development · Engineering - Telecom/Technology · .Net · React · Computer Engineering · Computer Science · Engineering · CSS3 · HTML5 · Information Technology (IT),, https://wuzzuf.net/jobs/p/AXlMNly5Pih6-Senior-Full-Stack-Developer-Fotopia-Cairo-Egypt?o=156&l=sp&t=sj&a=python|search-v3|hpb,
SaaS Product Enablement Manager,Dafater -,"Nasr City, Cairo, Egypt ",1 month ago,Full TimeExperienced · 5+ Yrs of Exp · IT/Software Development · Project/Program Management · Engineering - Telecom/Technology · Engineering · Computer Science · Computer Engineering · Information Technology (IT) · Product Management · SaaS · Management,, https://wuzzuf.net/jobs/p/5MtZ9lm6GBMX-SaaS-Product-Enablement-Manager-Dafater-Cairo-Egypt?o=157&l=sp&t=sj&a=python|search-v3|hpb,
Senior Odoo Developer - Giza,Isky Development -,"6th of October, Giza, Egypt ",23 days ago,Full TimeExperienced · 3+ Yrs of Exp · IT/Software Development · Engineering - Telecom/Technology · Odoo · Computer Science · JavaScript · Programming · Software Development · Information Technology (IT) · MySQL · Software Engineering,, https://wuzzuf.net/jobs/p/SK5qdXwHn330-Senior-Odoo-Developer---Giza-Isky-Development-Giza-Egypt?o=158&l=sp&t=sj&a=python|search-v3|hpb,
Software Quality Control Engineer,Kashier Payment Solutions -,"Zamalek, Cairo, Egypt ",1 month ago,Full TimeExperienced · 3 - 5 Yrs of Exp · IT/Software Development · Quality · Engineering - Telecom/Technology · Quality Assurance · Quality Control · Computer Science · Engineering · QA · QC · Software,, https://wuzzuf.net/jobs/p/arwWFqe5RzX1-Software-Quality-Control-Engineer-Kashier-Payment-Solutions-Cairo-Egypt?o=159&l=sp&t=sj&a=python|search-v3|hpb,
senior software tester,Quantum Promoting Network -,"6th of October, Giza, Egypt ",1 month ago,Full TimeSenior Management · 4 - 10 Yrs of Exp · IT/Software Development · Quality · Engineering - Telecom/Technology · Computer Science · Engineering · Testing · Information Technology (IT) · Software Engineering · Software Development,, https://wuzzuf.net/jobs/p/Cfre17Es1iPG-senior-software-tester-Quantum-Promoting-Network-Giza-Egypt?o=160&l=sp&t=sj&a=python|search-v3|hpb,
Quality Tester - Software,Arab Apps -,"Tanta, Gharbia, Egypt ",27 days ago,Full TimeEntry Level · 1 - 2 Yrs of Exp · IT/Software Development · Quality · Engineering - Telecom/Technology · Software Development · Information Technology (IT) · Software · Software Testing · Testing · test automation · Quality Control,, https://wuzzuf.net/jobs/p/7U7OlAYRgNUs-Quality-Tester---Software-Arab-Apps-Gharbia-Egypt?o=161&l=sp&t=sj&a=python|search-v3|hpb,
Corporate DevOps Leader,Confidential -,"Cairo, Egypt ",27 days ago,Full TimeManager · 5+ Yrs of Exp · IT/Software Development · Operations/Management · Engineering - Telecom/Technology · DevOps · Computer Science · Automation · Information Technology (IT) · Cloud · Integration · Programming,, https://wuzzuf.net/jobs/p/KyASGx8XmHzV-Corporate-DevOps-Leader-Cairo-Egypt?o=162&l=sp&t=sj&a=python|search-v3|hpb,
IT Technical Support (Work Will Be Allocated In Africa),Confidential -,"Cairo, Egypt ",1 month ago,Full TimeExperienced · 5 - 15 Yrs of Exp · Installation/Maintenance/Repair · IT/Software Development · Engineering - Telecom/Technology · Information Technology (IT) · Computer Hardware · Installation · Networks · Hardware · LAN · WAN,, https://wuzzuf.net/jobs/p/gHWFqJF51kCA-IT-Technical-Support-Work-Will-Be-Allocated-In-Africa-Cairo-Egypt?o=163&l=sp&t=sj&a=python|search-v3|hpb,
DevOps/ProdOPS Engineer.,Cegedim -,"New Cairo, Cairo, Egypt ",2 months ago,Full TimeExperienced · 3+ Yrs of Exp · IT/Software Development · Engineering - Telecom/Technology · Computer Science · Computer Engineering · Information Technology (IT) · DevOps · ProdOPS · Gradle · Git · Openshift,, https://wuzzuf.net/jobs/p/axroUEl4wmVc-DevOpsProdOPS-Engineer-Cegedim-Cairo-Egypt?o=164&l=sp&t=sj&a=python|search-v3|hpb,
Technical Support Specialist - Cloud,Alnafitha -,"Nasr City, Cairo, Egypt ",1 month ago,Full TimeExperienced · 5+ Yrs of Exp · Customer Service/Support · IT/Software Development · ITIL Foundation · Microsoft Certified: Azure Solutions Architect Expert · AWS Certified Solutions Architect professional · Microsoft Azure · Microsoft Azure IaaS/ PaaS · SQL Azure · Networking · Customer Care,, https://wuzzuf.net/jobs/p/zqJDdS16hhs2-Technical-Support-Specialist---Cloud-Alnafitha-Cairo-Egypt?o=165&l=sp&t=sj&a=python|search-v3|hpb,
Big data Expert,Perfect Presentation -,"6th of October, Giza, Egypt ",1 month ago,Full TimeExperienced · 5 - 7 Yrs of Exp · IT/Software Development · Big Data · Information Technology (IT) · Computer Science,, https://wuzzuf.net/jobs/p/7wP3PuIsn0L3-Big-data-Expert-Perfect-Presentation-Giza-Egypt?o=166&l=sp&t=sj&a=python|search-v3|hpb,
Embedded Software Low Level Engineer,Collars HR -,"New Cairo, Cairo, Egypt ",2 months ago,Full TimeExperienced · 5 - 7 Yrs of Exp · IT/Software Development · Engineering - Telecom/Technology · Computer Science · Software Development · Software Engineering · Information Technology (IT) · SPI · Communication · OpenCV · ROS,, https://wuzzuf.net/jobs/p/bD4c4PJ5uYgr-Embedded-Software-Low-Level-Engineer-Collars-HR-Cairo-Egypt?o=167&l=sp&t=sj&a=python|search-v3|hpb,
Senior Backend Developer,Confidential -,"New Cairo, Cairo, Egypt ",2 months ago,Full TimeExperienced · 5+ Yrs of Exp · Business Development · IT/Software Development · Engineering - Telecom/Technology · Agile · AWS · Computer Science · HTML · Information Technology (IT) · JavaScript · MySQL,, https://wuzzuf.net/jobs/p/bH9xxSADemDG-Senior-Backend-Developer-Cairo-Egypt?o=168&l=sp&t=sj&a=python|search-v3|hpb,
Senior Front End Developer,YOCO -,"Cairo, Egypt ",1 month ago,Full TimeExperienced · 7+ Yrs of Exp · IT/Software Development · Engineering - Telecom/Technology · Information Technology (IT) · Computer Science · Android · Java · Js · JavaScript · Programming · Software Development,, https://wuzzuf.net/jobs/p/Ae5zU7qp6iuf-Senior-Front-End-Developer-YOCO-Cairo-Egypt?o=169&l=sp&t=sj&a=python|search-v3|hpb,
Data Management & Bigdata Team Lead,KnowledgeNet -,"Nasr City, Cairo, Egypt ",2 months ago,Full TimeManager · 7+ Yrs of Exp · IT/Software Development · Quality · Engineering - Telecom/Technology · Computer Science · Information Technology (IT) · SQL · ETL · Microsoft SQL Server · Data Developer · Data Stage,, https://wuzzuf.net/jobs/p/kkSMMm8Aa0cu-Data-Management-Bigdata-Team-Lead-KnowledgeNet-Cairo-Egypt?o=170&l=sp&t=sj&a=python|search-v3|hpb,
Project Leader (Global Analytics),CRIF EGYPT -,"Heliopolis, Cairo, Egypt ",2 months ago,Full TimeManager · 10+ Yrs of Exp · IT/Software Development · Project/Program Management · Engineering - Telecom/Technology · Engineering · Computer Science · Project Management · Software · Modeling · Sales,, https://wuzzuf.net/jobs/p/KTk2R1zjp1xU-Project-Leader-Global-Analytics-CRIF-EGYPT-Cairo-Egypt?o=171&l=sp&t=sj&a=python|search-v3|hpb,
Senior Software Developer,Globaction -,"6th of October, Giza, Egypt ",2 months ago,Full TimeExperienced · 5+ Yrs of Exp · IT/Software Development · Engineering - Telecom/Technology · MySQL · c# · DevOps · ADO.Net · Database · Computer Science · Information Technology (IT) · Agile,, https://wuzzuf.net/jobs/p/V9rh3VHfoiGH-Senior-Software-Developer-Globaction-Giza-Egypt?o=172&l=sp&t=sj&a=python|search-v3|hpb,
Senior Front End Engineer,YOCO -,"Cairo, Egypt ",1 month ago,Full TimeExperienced · 8 - 10 Yrs of Exp · IT/Software Development · Frontend · React JS,, https://wuzzuf.net/jobs/p/JnCng5DVBT8x-Senior-Front-End-Engineer-YOCO-Cairo-Egypt?o=173&l=sp&t=sj&a=python|search-v3|hpb,
Devops Engineer,Fawry Banking & Payment Technology Services -,"Giza, Egypt ",1 month ago,Full TimeExperienced · 3 - 5 Yrs of Exp · IT/Software Development · Engineering - Telecom/Technology · DevOps · Computer Science · Engineering · Software Development · Information Technology (IT) · Computer Engineering · Lunix · Git,, https://wuzzuf.net/jobs/p/QB7OwGRdN5F5-Devops-Engineer-Fawry-Banking-Payment-Technology-Services-Giza-Egypt?o=174&l=sp&t=sj&a=python|search-v3|hpb,
Data & Reporting Lead,Edentech -,"Cairo, Egypt ",2 months ago,Full TimeManager · 8+ Yrs of Exp · IT/Software Development · Analyst/Research · Computer Science · Data Engineering · data scientist · Information Technology (IT) · Analysis · SQL · Data Analysis · Communication skills,, https://wuzzuf.net/jobs/p/PYe7JUkNKO97-Data-Reporting-Lead-Edentech-Cairo-Egypt?o=175&l=sp&t=sj&a=python|search-v3|hpb,
Senior Backend Developer- Hybrid,Target Recruitment  & HR Solutions  -,"Nasr City, Cairo, Egypt ",2 months ago,Full TimeExperienced · 4 - 6 Yrs of Exp · IT/Software Development · Engineering - Telecom/Technology · backend · Backend developer · Engineering · Information Technology (IT) · English · Software Engineering · Software Development · Computer Science,, https://wuzzuf.net/jobs/p/8MSc6Vb1RvN6-Senior-Backend-Developer--Hybrid-Target-Recruitment-HR-Solutions-Cairo-Egypt?o=176&l=sp&t=sj&a=python|search-v3|hpb,
Backend Developer,Paymint -,"Cairo, Egypt ",2 months ago,Full TimeExperienced · 2+ Yrs of Exp · IT/Software Development · Engineering - Telecom/Technology · back-end · HTML5 · PHP · Software Development · CSS · JavaScript · DevOps · Information Technology (IT),, https://wuzzuf.net/jobs/p/2Aob5B5i1CAR-Backend-Developer-Paymint-Cairo-Egypt?o=177&l=sp&t=sj&a=python|search-v3|hpb,
Lead Testing Automation Engineer - L2,ITWORX -,"Nasr City, Cairo, Egypt ",2 months ago,Full TimeManager · 8 - 12 Yrs of Exp · IT/Software Development · Quality · Engineering - Telecom/Technology · Automation · Information Technology (IT) · Software Testing · Selenium · Automation Testing · Computer Science · Testing,, https://wuzzuf.net/jobs/p/isvJhttuykeg-Lead-Testing-Automation-Engineer---L2-ITWORX-Cairo-Egypt?o=178&l=sp&t=sj&a=python|search-v3|hpb,
TSS / Care Engineer Lead,Viavi Solutions -,"Maadi, Cairo, Egypt ",2 months ago,Full TimeExperienced · 4 - 8 Yrs of Exp · Installation/Maintenance/Repair · IT/Software Development · Engineering - Telecom/Technology · Technical support engineer · Technical Support · Support engineer · Support · Computer Science · Computer Engineering · IT,, https://wuzzuf.net/jobs/p/nqEJw5Rwx622-TSS-Care-Engineer-Lead-Viavi-Solutions-Cairo-Egypt?o=179&l=sp&t=sj&a=python|search-v3|hpb,
